<!--
    Licensed to the Apache Software Foundation (ASF) under one or more
    contributor license agreements.  See the NOTICE file distributed with
    this work for additional information regarding copyright ownership.
    The ASF licenses this file to You under the Apache License, Version 2.0
    (the "License"); you may not use this file except in compliance with
    the License.  You may obtain a copy of the License at

    http://www.apache.org/licenses/LICENSE-2.0

    Unless required by applicable law or agreed to in writing, software
    distributed under the License is distributed on an "AS IS" BASIS,
    WITHOUT WARRANTIES OR CONDITIONS OF ANY KIND, either express or implied.
    See the License for the specific language governing permissions and
    limitations under the License.
-->
<!--
    Use Stomp protocol

    For better behavior under heavy usage, be sure to:

    1. Give broker enough memory
    2. Disable dedicated task runner

    e.g. ACTIVEMQ_OPTS="-Xmx1024M -Dorg.apache.activemq.UseDedicatedTaskRunner=false"

    To run ActiveMQ with this configuration add xbean:conf/activemq-stomp.xml to your command
    e.g. $ bin/activemq console xbean:conf/activemq-stomp.xml
 -->
<beans
  xmlns="http://www.springframework.org/schema/beans"
  xmlns:amq="http://activemq.apache.org/schema/core"
  xmlns:xsi="http://www.w3.org/2001/XMLSchema-instance"
  xsi:schemaLocation="http://www.springframework.org/schema/beans http://www.springframework.org/schema/beans/spring-beans-2.0.xsd
  http://activemq.apache.org/schema/core http://activemq.apache.org/schema/core/activemq-core.xsd">

    <!-- Allows us to use system properties as variables in this configuration file -->
    <bean class="org.springframework.beans.factory.config.PropertyPlaceholderConfigurer">
        <property name="locations">
            <value>file:${activemq.conf}/credentials.properties</value>
        </property>
    </bean>

    <!--
        The <broker> element is used to configure the ActiveMQ broker.
    -->
    <broker xmlns="http://activemq.apache.org/schema/core" brokerName="localhost" dataDirectory="${activemq.data}">

        <!--
            For better performances use VM cursor and small memory limit.
            For more information, see:

            http://activemq.apache.org/message-cursors.html

            Also, if your producer is "hanging", it's probably due to producer flow control.
            For more information, see:
            http://activemq.apache.org/producer-flow-control.html
        -->

        <destinationPolicy>
            <policyMap>
              <policyEntries>
                <policyEntry topic=">" producerFlowControl="false">
                  <pendingSubscriberPolicy>
                    <vmCursor />
                  </pendingSubscriberPolicy>
                </policyEntry>
                <policyEntry queue=">" producerFlowControl="false">
                  <!-- Use VM cursor for better latency
                       For more information, see:

                       http://activemq.apache.org/message-cursors.html

                  <pendingQueuePolicy>
                    <vmQueueCursor/>
                  </pendingQueuePolicy>
                  -->
                </policyEntry>
              </policyEntries>
            </policyMap>
        </destinationPolicy>


        <!--
            The managementContext is used to configure how ActiveMQ is exposed in
            JMX. By default, ActiveMQ uses the MBean server that is started by
            the JVM. For more information, see:

            http://activemq.apache.org/jmx.html
        -->
        <managementContext>
            <managementContext createConnector="false"/>
        </managementContext>

        <!--
            Configure message persistence for the broker. The default persistence
            mechanism is the KahaDB store (identified by the kahaDB tag).
            For more information, see:

            http://activemq.apache.org/persistence.html
        -->
        <persistenceAdapter>
            <kahaDB directory="${activemq.data}/kahadb"/>
        </persistenceAdapter>


        <!--
            The transport connectors expose ActiveMQ over a given protocol to
            clients and other brokers. For more information, see:

            http://activemq.apache.org/configuring-transports.html
        -->
        <transportConnectors>
            <transportConnector name="stomp" uri="stomp://0.0.0.0:61612?transport.closeAsync=false"/>
            <transportConnector name="stomp+nio" uri="stomp+nio://0.0.0.0:61613?transport.closeAsync=false"/>
        </transportConnectors>

    </broker>

    <!--
        Uncomment to enable Camel
        Take a look at activemq-camel.xml for more details

    <import resource="camel.xml"/>
    -->

    <!--
        Enable web consoles, REST and Ajax APIs and demos
        Take a look at activemq-jetty.xml for more details
    -->
    <import resource="jetty.xml"/>

</beans>